ID,type,colour,n,hectares,sq_km,ORC,name
1,Temperate or sub-polar grassland,#E0CF8A,208984,18808.559999999998,188.08559999999997,9590,CHURN CREEK PROTECTED AREA
1,Temperate or sub-polar needleleaf forest,#003D00,157668,14190.119999999999,141.9012,9590,CHURN CREEK PROTECTED AREA
1,Barren lands,#A8ABAD,14405,1296.45,12.964500000000001,9590,CHURN CREEK PROTECTED AREA
1,Temperate or sub-polar shrubland,#B38A33,12698,1142.82,11.428199999999999,9590,CHURN CREEK PROTECTED AREA
1,Mixed forest,#5C752B,5180,466.2,4.662,9590,CHURN CREEK PROTECTED AREA
1,Cropland,#E6AD66,1949,175.41,1.7541,9590,CHURN CREEK PROTECTED AREA
1,Water,#4D70A3,1671,150.39,1.5038999999999998,9590,CHURN CREEK PROTECTED AREA
1,Urban,#DB2126,1428,128.51999999999998,1.2852,9590,CHURN CREEK PROTECTED AREA
1,Temperate or sub-polar broadleaf deciduous forest,#148C3D,1052,94.67999999999999,0.9468,9590,CHURN CREEK PROTECTED AREA
1,Sub-polar or polar shrubland-lichen-moss,#9C7554,6,0.54,0.0054,9590,CHURN CREEK PROTECTED AREA
1,Temperate or sub-polar needleleaf forest,#003D00,260890,23480.1,234.801,9481,HOMATHKO RIVER-TATLAYOKO PROTECTED AREA
1,Barren lands,#A8ABAD,36485,3283.65,32.8365,9481,HOMATHKO RIVER-TATLAYOKO PROTECTED AREA
1,Mixed forest,#5C752B,29520,2656.7999999999997,26.567999999999998,9481,HOMATHKO RIVER-TATLAYOKO PROTECTED AREA
1,Temperate or sub-polar grassland,#E0CF8A,26365,2372.85,23.7285,9481,HOMATHKO RIVER-TATLAYOKO PROTECTED AREA
1,Temperate or sub-polar shrubland,#B38A33,15958,1436.22,14.3622,9481,HOMATHKO RIVER-TATLAYOKO PROTECTED AREA
1,Water,#4D70A3,12643,1137.87,11.378699999999998,9481,HOMATHKO RIVER-TATLAYOKO PROTECTED AREA
1,Temperate or sub-polar broadleaf deciduous forest,#148C3D,4416,397.44,3.9744,9481,HOMATHKO RIVER-TATLAYOKO PROTECTED AREA
1,Sub-polar or polar grassland-lichen-moss,#BAD48F,1565,140.85,1.4084999999999999,9481,HOMATHKO RIVER-TATLAYOKO PROTECTED AREA
1,Sub-polar taiga needleleaf forest,#949C70,214,19.259999999999998,0.1926,9481,HOMATHKO RIVER-TATLAYOKO PROTECTED AREA
1,Snow and Ice,#FFFAFF,198,17.82,0.1782,9481,HOMATHKO RIVER-TATLAYOKO PROTECTED AREA
1,Sub-polar or polar shrubland-lichen-moss,#9C7554,93,8.37,0.0837,9481,HOMATHKO RIVER-TATLAYOKO PROTECTED AREA
1,Mixed forest,#5C752B,85152,7663.679999999999,76.6368,8330,KLUA LAKES PROTECTED AREA
1,Temperate or sub-polar needleleaf forest,#003D00,82441,7419.69,74.1969,8330,KLUA LAKES PROTECTED AREA
1,Temperate or sub-polar broadleaf deciduous forest,#148C3D,61899,5570.91,55.7091,8330,KLUA LAKES PROTECTED AREA
1,Temperate or sub-polar shrubland,#B38A33,41160,3704.3999999999996,37.044,8330,KLUA LAKES PROTECTED AREA
1,Water,#4D70A3,19871,1788.3899999999999,17.883899999999997,8330,KLUA LAKES PROTECTED AREA
1,Temperate or sub-polar grassland,#E0CF8A,5156,464.03999999999996,4.6404,8330,KLUA LAKES PROTECTED AREA
1,Wetland,#6BA38A,146,13.139999999999999,0.1314,8330,KLUA LAKES PROTECTED AREA
1,Sub-polar or polar grassland-lichen-moss,#BAD48F,133,11.969999999999999,0.11969999999999999,8330,KLUA LAKES PROTECTED AREA
1,Sub-polar taiga needleleaf forest,#949C70,28,2.52,0.0252,8330,KLUA LAKES PROTECTED AREA
1,Temperate or sub-polar needleleaf forest,#003D00,142449,12820.41,128.2041,5023,MAXHAMISH LAKE PROTECTED AREA
1,Water,#4D70A3,54168,4875.12,48.7512,5023,MAXHAMISH LAKE PROTECTED AREA
1,Mixed forest,#5C752B,43372,3903.48,39.0348,5023,MAXHAMISH LAKE PROTECTED AREA
1,Temperate or sub-polar broadleaf deciduous forest,#148C3D,35046,3154.14,31.5414,5023,MAXHAMISH LAKE PROTECTED AREA
1,Temperate or sub-polar shrubland,#B38A33,6557,590.13,5.9013,5023,MAXHAMISH LAKE PROTECTED AREA
1,Wetland,#6BA38A,1027,92.42999999999999,0.9242999999999999,5023,MAXHAMISH LAKE PROTECTED AREA
1,Temperate or sub-polar needleleaf forest,#003D00,203309,18297.809999999998,182.97809999999998,0448,SNOWY PROTECTED AREA
1,Temperate or sub-polar grassland,#E0CF8A,24870,2238.2999999999997,22.382999999999996,0448,SNOWY PROTECTED AREA
1,Barren lands,#A8ABAD,21115,1900.35,19.0035,0448,SNOWY PROTECTED AREA
1,Temperate or sub-polar shrubland,#B38A33,20112,1810.08,18.1008,0448,SNOWY PROTECTED AREA
1,Sub-polar taiga needleleaf forest,#949C70,6263,563.67,5.636699999999999,0448,SNOWY PROTECTED AREA
1,Sub-polar or polar grassland-lichen-moss,#BAD48F,3950,355.5,3.555,0448,SNOWY PROTECTED AREA
1,Mixed forest,#5C752B,2965,266.84999999999997,2.6685,0448,SNOWY PROTECTED AREA
1,Temperate or sub-polar broadleaf deciduous forest,#148C3D,690,62.099999999999994,0.621,0448,SNOWY PROTECTED AREA
1,Water,#4D70A3,596,53.64,0.5364,0448,SNOWY PROTECTED AREA
1,Sub-polar or polar shrubland-lichen-moss,#9C7554,477,42.93,0.4293,0448,SNOWY PROTECTED AREA
1,Wetland,#6BA38A,253,22.77,0.22769999999999999,0448,SNOWY PROTECTED AREA
1,NA,NA,102,9.18,0.09179999999999999,0448,SNOWY PROTECTED AREA
1,Snow and Ice,#FFFAFF,20,1.7999999999999998,0.018,0448,SNOWY PROTECTED AREA
1,Urban,#DB2126,18,1.6199999999999999,0.0162,0448,SNOWY PROTECTED AREA
1,Temperate or sub-polar needleleaf forest,#003D00,153893,13850.369999999999,138.50369999999998,0429,CHUKACHIDA PROTECTED AREA
1,Temperate or sub-polar shrubland,#B38A33,18603,1674.27,16.7427,0429,CHUKACHIDA PROTECTED AREA
1,Water,#4D70A3,11270,1014.3,10.142999999999999,0429,CHUKACHIDA PROTECTED AREA
1,Mixed forest,#5C752B,8100,729,7.29,0429,CHUKACHIDA PROTECTED AREA
1,Barren lands,#A8ABAD,5996,539.64,5.3964,0429,CHUKACHIDA PROTECTED AREA
1,Temperate or sub-polar grassland,#E0CF8A,5710,513.9,5.138999999999999,0429,CHUKACHIDA PROTECTED AREA
1,Sub-polar or polar grassland-lichen-moss,#BAD48F,2795,251.54999999999998,2.5155,0429,CHUKACHIDA PROTECTED AREA
1,Sub-polar taiga needleleaf forest,#949C70,760,68.39999999999999,0.6839999999999999,0429,CHUKACHIDA PROTECTED AREA
1,Temperate or sub-polar broadleaf deciduous forest,#148C3D,219,19.71,0.1971,0429,CHUKACHIDA PROTECTED AREA
1,Sub-polar or polar shrubland-lichen-moss,#9C7554,188,16.919999999999998,0.1692,0429,CHUKACHIDA PROTECTED AREA
1,Temperate or sub-polar needleleaf forest,#003D00,126878,11419.02,114.1902,9596,DUNN PEAK PARK
1,Temperate or sub-polar grassland,#E0CF8A,28785,2590.65,25.9065,9596,DUNN PEAK PARK
1,Barren lands,#A8ABAD,16651,1498.59,14.985899999999999,9596,DUNN PEAK PARK
1,Mixed forest,#5C752B,15083,1357.47,13.5747,9596,DUNN PEAK PARK
1,Temperate or sub-polar shrubland,#B38A33,12430,1118.7,11.187000000000001,9596,DUNN PEAK PARK
1,Temperate or sub-polar broadleaf deciduous forest,#148C3D,5872,528.48,5.284800000000001,9596,DUNN PEAK PARK
1,Water,#4D70A3,4906,441.53999999999996,4.4154,9596,DUNN PEAK PARK
1,Sub-polar taiga needleleaf forest,#949C70,900,81,0.81,9596,DUNN PEAK PARK
1,Sub-polar or polar grassland-lichen-moss,#BAD48F,218,19.62,0.1962,9596,DUNN PEAK PARK
1,Urban,#DB2126,190,17.099999999999998,0.17099999999999999,9596,DUNN PEAK PARK
1,Snow and Ice,#FFFAFF,185,16.65,0.16649999999999998,9596,DUNN PEAK PARK
1,Wetland,#6BA38A,78,7.02,0.0702,9596,DUNN PEAK PARK
1,Sub-polar or polar shrubland-lichen-moss,#9C7554,53,4.77,0.04769999999999999,9596,DUNN PEAK PARK
1,Temperate or sub-polar needleleaf forest,#003D00,128720,11584.8,115.848,5035,THINAHTEA SOUTH PROTECTED AREA
1,Water,#4D70A3,16603,1494.27,14.9427,5035,THINAHTEA SOUTH PROTECTED AREA
1,Wetland,#6BA38A,13271,1194.3899999999999,11.9439,5035,THINAHTEA SOUTH PROTECTED AREA
1,Temperate or sub-polar shrubland,#B38A33,6451,580.59,5.8059,5035,THINAHTEA SOUTH PROTECTED AREA
1,Mixed forest,#5C752B,5478,493.02,4.9302,5035,THINAHTEA SOUTH PROTECTED AREA
1,Temperate or sub-polar broadleaf deciduous forest,#148C3D,2837,255.32999999999998,2.5532999999999997,5035,THINAHTEA SOUTH PROTECTED AREA
1,Sub-polar or polar grassland-lichen-moss,#BAD48F,1201,108.08999999999999,1.0809,5035,THINAHTEA SOUTH PROTECTED AREA
1,Sub-polar taiga needleleaf forest,#949C70,944,84.96,0.8495999999999999,5035,THINAHTEA SOUTH PROTECTED AREA
1,Barren lands,#A8ABAD,49,4.41,0.0441,5035,THINAHTEA SOUTH PROTECTED AREA
1,Temperate or sub-polar grassland,#E0CF8A,5,0.44999999999999996,0.0045,5035,THINAHTEA SOUTH PROTECTED AREA
1,Temperate or sub-polar needleleaf forest,#003D00,161081,14497.289999999999,144.97289999999998,8645,PITMAN RIVER PROTECTED AREA
1,Water,#4D70A3,4694,422.46,4.2246,8645,PITMAN RIVER PROTECTED AREA
1,Temperate or sub-polar shrubland,#B38A33,3535,318.15,3.1814999999999998,8645,PITMAN RIVER PROTECTED AREA
1,Mixed forest,#5C752B,1866,167.94,1.6794,8645,PITMAN RIVER PROTECTED AREA
1,Temperate or sub-polar broadleaf deciduous forest,#148C3D,670,60.3,0.603,8645,PITMAN RIVER PROTECTED AREA
1,Barren lands,#A8ABAD,535,48.15,0.4815,8645,PITMAN RIVER PROTECTED AREA
1,Temperate or sub-polar grassland,#E0CF8A,421,37.89,0.3789,8645,PITMAN RIVER PROTECTED AREA
1,Sub-polar taiga needleleaf forest,#949C70,23,2.07,0.0207,8645,PITMAN RIVER PROTECTED AREA
1,Sub-polar or polar grassland-lichen-moss,#BAD48F,2,0.18,0.0018,8645,PITMAN RIVER PROTECTED AREA
1,Temperate or sub-polar needleleaf forest,#003D00,136843,12315.869999999999,123.1587,5015,DUNE ZA KEYIH PROTECTED AREA (A.K.A. FROG-GATAGA P
1,Temperate or sub-polar shrubland,#B38A33,17837,1605.33,16.0533,5015,DUNE ZA KEYIH PROTECTED AREA (A.K.A. FROG-GATAGA P
1,Barren lands,#A8ABAD,5413,487.16999999999996,4.8717,5015,DUNE ZA KEYIH PROTECTED AREA (A.K.A. FROG-GATAGA P
1,Mixed forest,#5C752B,3067,276.03,2.7602999999999995,5015,DUNE ZA KEYIH PROTECTED AREA (A.K.A. FROG-GATAGA P
1,Temperate or sub-polar broadleaf deciduous forest,#148C3D,2240,201.6,2.016,5015,DUNE ZA KEYIH PROTECTED AREA (A.K.A. FROG-GATAGA P
1,Temperate or sub-polar grassland,#E0CF8A,1944,174.95999999999998,1.7495999999999998,5015,DUNE ZA KEYIH PROTECTED AREA (A.K.A. FROG-GATAGA P
1,Water,#4D70A3,1814,163.26,1.6325999999999998,5015,DUNE ZA KEYIH PROTECTED AREA (A.K.A. FROG-GATAGA P
1,Sub-polar taiga needleleaf forest,#949C70,344,30.959999999999997,0.3096,5015,DUNE ZA KEYIH PROTECTED AREA (A.K.A. FROG-GATAGA P
1,Sub-polar or polar shrubland-lichen-moss,#9C7554,43,3.8699999999999997,0.0387,5015,DUNE ZA KEYIH PROTECTED AREA (A.K.A. FROG-GATAGA P
1,Sub-polar or polar grassland-lichen-moss,#BAD48F,14,1.26,0.0126,5015,DUNE ZA KEYIH PROTECTED AREA (A.K.A. FROG-GATAGA P
1,Wetland,#6BA38A,13,1.17,0.011699999999999999,5015,DUNE ZA KEYIH PROTECTED AREA (A.K.A. FROG-GATAGA P
1,Urban,#DB2126,2,0.18,0.0018,5015,DUNE ZA KEYIH PROTECTED AREA (A.K.A. FROG-GATAGA P
1,Temperate or sub-polar grassland,#E0CF8A,100960,9086.4,90.86399999999999,4433,LAC DU BOIS GRASSLANDS PROTECTED AREA
1,Temperate or sub-polar needleleaf forest,#003D00,51864,4667.76,46.677600000000005,4433,LAC DU BOIS GRASSLANDS PROTECTED AREA
1,Barren lands,#A8ABAD,8419,757.7099999999999,7.577099999999999,4433,LAC DU BOIS GRASSLANDS PROTECTED AREA
1,Water,#4D70A3,3732,335.88,3.3588,4433,LAC DU BOIS GRASSLANDS PROTECTED AREA
1,Temperate or sub-polar shrubland,#B38A33,2739,246.51,2.4651,4433,LAC DU BOIS GRASSLANDS PROTECTED AREA
1,Cropland,#E6AD66,1833,164.97,1.6497,4433,LAC DU BOIS GRASSLANDS PROTECTED AREA
1,Urban,#DB2126,1394,125.46,1.2546,4433,LAC DU BOIS GRASSLANDS PROTECTED AREA
1,Mixed forest,#5C752B,776,69.84,0.6984,4433,LAC DU BOIS GRASSLANDS PROTECTED AREA
1,Sub-polar or polar grassland-lichen-moss,#BAD48F,96,8.64,0.0864,4433,LAC DU BOIS GRASSLANDS PROTECTED AREA
1,Temperate or sub-polar broadleaf deciduous forest,#148C3D,92,8.28,0.0828,4433,LAC DU BOIS GRASSLANDS PROTECTED AREA
1,Sub-polar taiga needleleaf forest,#949C70,5,0.44999999999999996,0.0045,4433,LAC DU BOIS GRASSLANDS PROTECTED AREA
1,Temperate or sub-polar needleleaf forest,#003D00,126448,11380.32,113.8032,5018,FINLAY-RUSSEL PROTECTED AREA
1,Barren lands,#A8ABAD,5031,452.78999999999996,4.5279,5018,FINLAY-RUSSEL PROTECTED AREA
1,Temperate or sub-polar shrubland,#B38A33,5010,450.9,4.5089999999999995,5018,FINLAY-RUSSEL PROTECTED AREA
1,Water,#4D70A3,3348,301.32,3.0132,5018,FINLAY-RUSSEL PROTECTED AREA
1,Temperate or sub-polar grassland,#E0CF8A,2181,196.29,1.9628999999999999,5018,FINLAY-RUSSEL PROTECTED AREA
1,Mixed forest,#5C752B,880,79.2,0.792,5018,FINLAY-RUSSEL PROTECTED AREA
1,Sub-polar or polar grassland-lichen-moss,#BAD48F,414,37.26,0.3726,5018,FINLAY-RUSSEL PROTECTED AREA
1,Temperate or sub-polar broadleaf deciduous forest,#148C3D,225,20.25,0.2025,5018,FINLAY-RUSSEL PROTECTED AREA
1,Sub-polar or polar shrubland-lichen-moss,#9C7554,79,7.109999999999999,0.0711,5018,FINLAY-RUSSEL PROTECTED AREA
1,Sub-polar taiga needleleaf forest,#949C70,27,2.4299999999999997,0.0243,5018,FINLAY-RUSSEL PROTECTED AREA
1,Temperate or sub-polar needleleaf forest,#003D00,107718,9694.619999999999,96.94619999999999,5030,SEVEN SISTERS PROTECTED AREA
1,Mixed forest,#5C752B,12373,1113.57,11.1357,5030,SEVEN SISTERS PROTECTED AREA
1,Temperate or sub-polar shrubland,#B38A33,3470,312.3,3.123,5030,SEVEN SISTERS PROTECTED AREA
1,Water,#4D70A3,2096,188.64,1.8863999999999999,5030,SEVEN SISTERS PROTECTED AREA
1,Temperate or sub-polar broadleaf deciduous forest,#148C3D,1095,98.55,0.9854999999999999,5030,SEVEN SISTERS PROTECTED AREA
1,Barren lands,#A8ABAD,819,73.71,0.7371,5030,SEVEN SISTERS PROTECTED AREA
1,Temperate or sub-polar grassland,#E0CF8A,639,57.51,0.5751,5030,SEVEN SISTERS PROTECTED AREA
1,Sub-polar or polar grassland-lichen-moss,#BAD48F,206,18.54,0.18539999999999998,5030,SEVEN SISTERS PROTECTED AREA
1,Urban,#DB2126,93,8.37,0.0837,5030,SEVEN SISTERS PROTECTED AREA
1,Sub-polar taiga needleleaf forest,#949C70,55,4.95,0.0495,5030,SEVEN SISTERS PROTECTED AREA
1,Temperate or sub-polar shrubland,#B38A33,58621,5275.889999999999,52.7589,0464,SOUTH OKANAGAN GRASSLANDS PROTECTED AREA
1,Temperate or sub-polar needleleaf forest,#003D00,28580,2572.2,25.721999999999998,0464,SOUTH OKANAGAN GRASSLANDS PROTECTED AREA
1,Temperate or sub-polar grassland,#E0CF8A,10650,958.5,9.585,0464,SOUTH OKANAGAN GRASSLANDS PROTECTED AREA
1,Barren lands,#A8ABAD,4815,433.34999999999997,4.3335,0464,SOUTH OKANAGAN GRASSLANDS PROTECTED AREA
1,Mixed forest,#5C752B,318,28.619999999999997,0.28619999999999995,0464,SOUTH OKANAGAN GRASSLANDS PROTECTED AREA
1,Water,#4D70A3,247,22.23,0.2223,0464,SOUTH OKANAGAN GRASSLANDS PROTECTED AREA
1,Sub-polar or polar grassland-lichen-moss,#BAD48F,152,13.68,0.1368,0464,SOUTH OKANAGAN GRASSLANDS PROTECTED AREA
1,Temperate or sub-polar broadleaf deciduous forest,#148C3D,95,8.549999999999999,0.08549999999999999,0464,SOUTH OKANAGAN GRASSLANDS PROTECTED AREA
1,Sub-polar taiga needleleaf forest,#949C70,77,6.93,0.0693,0464,SOUTH OKANAGAN GRASSLANDS PROTECTED AREA
1,Cropland,#E6AD66,17,1.53,0.015300000000000001,0464,SOUTH OKANAGAN GRASSLANDS PROTECTED AREA
1,Urban,#DB2126,17,1.53,0.015300000000000001,0464,SOUTH OKANAGAN GRASSLANDS PROTECTED AREA
1,NA,NA,8,0.72,0.0072,0464,SOUTH OKANAGAN GRASSLANDS PROTECTED AREA
1,Temperate or sub-polar needleleaf forest,#003D00,68727,6185.429999999999,61.854299999999995,5037,WEST TWIN PROTECTED AREA
1,Mixed forest,#5C752B,21885,1969.6499999999999,19.6965,5037,WEST TWIN PROTECTED AREA
1,Temperate or sub-polar broadleaf deciduous forest,#148C3D,3819,343.71,3.4370999999999996,5037,WEST TWIN PROTECTED AREA
1,Water,#4D70A3,2629,236.60999999999999,2.3661,5037,WEST TWIN PROTECTED AREA
1,Temperate or sub-polar shrubland,#B38A33,1160,104.39999999999999,1.0439999999999998,5037,WEST TWIN PROTECTED AREA
1,Wetland,#6BA38A,112,10.08,0.1008,5037,WEST TWIN PROTECTED AREA
1,Barren lands,#A8ABAD,78,7.02,0.0702,5037,WEST TWIN PROTECTED AREA
1,Urban,#DB2126,33,2.9699999999999998,0.029699999999999997,5037,WEST TWIN PROTECTED AREA
1,Temperate or sub-polar grassland,#E0CF8A,5,0.44999999999999996,0.0045,5037,WEST TWIN PROTECTED AREA
1,Temperate or sub-polar needleleaf forest,#003D00,70590,6353.0999999999995,63.53099999999999,9604,DAMDOCHAX PROTECTED AREA
1,Mixed forest,#5C752B,8581,772.29,7.722899999999999,9604,DAMDOCHAX PROTECTED AREA
1,Temperate or sub-polar shrubland,#B38A33,3550,319.5,3.195,9604,DAMDOCHAX PROTECTED AREA
1,Water,#4D70A3,1774,159.66,1.5966,9604,DAMDOCHAX PROTECTED AREA
1,Temperate or sub-polar broadleaf deciduous forest,#148C3D,1482,133.38,1.3337999999999999,9604,DAMDOCHAX PROTECTED AREA
1,Barren lands,#A8ABAD,319,28.709999999999997,0.28709999999999997,9604,DAMDOCHAX PROTECTED AREA
1,Temperate or sub-polar grassland,#E0CF8A,181,16.29,0.1629,9604,DAMDOCHAX PROTECTED AREA
1,Snow and Ice,#FFFAFF,9,0.8099999999999999,0.0081,9604,DAMDOCHAX PROTECTED AREA
1,Temperate or sub-polar needleleaf forest,#003D00,50788,4570.92,45.7092,0430,CRAIG HEADWATERS PROTECTED AREA
1,Mixed forest,#5C752B,10908,981.7199999999999,9.8172,0430,CRAIG HEADWATERS PROTECTED AREA
1,Temperate or sub-polar shrubland,#B38A33,9398,845.8199999999999,8.4582,0430,CRAIG HEADWATERS PROTECTED AREA
1,Water,#4D70A3,3837,345.33,3.4533,0430,CRAIG HEADWATERS PROTECTED AREA
1,Barren lands,#A8ABAD,2882,259.38,2.5938,0430,CRAIG HEADWATERS PROTECTED AREA
1,Temperate or sub-polar broadleaf deciduous forest,#148C3D,1785,160.65,1.6065,0430,CRAIG HEADWATERS PROTECTED AREA
1,NA,NA,422,37.98,0.37979999999999997,0430,CRAIG HEADWATERS PROTECTED AREA
1,Temperate or sub-polar grassland,#E0CF8A,271,24.39,0.2439,0430,CRAIG HEADWATERS PROTECTED AREA
1,Snow and Ice,#FFFAFF,72,6.4799999999999995,0.0648,0430,CRAIG HEADWATERS PROTECTED AREA
1,Sub-polar or polar shrubland-lichen-moss,#9C7554,19,1.71,0.0171,0430,CRAIG HEADWATERS PROTECTED AREA
1,Sub-polar or polar grassland-lichen-moss,#BAD48F,3,0.27,0.0027,0430,CRAIG HEADWATERS PROTECTED AREA
1,Temperate or sub-polar needleleaf forest,#003D00,45658,4109.22,41.092200000000005,4985,DENETIAH CORRIDOR PROTECTED AREA
1,Temperate or sub-polar grassland,#E0CF8A,8917,802.53,8.0253,4985,DENETIAH CORRIDOR PROTECTED AREA
1,Temperate or sub-polar shrubland,#B38A33,7905,711.4499999999999,7.1145,4985,DENETIAH CORRIDOR PROTECTED AREA
1,Water,#4D70A3,6010,540.9,5.409,4985,DENETIAH CORRIDOR PROTECTED AREA
1,Mixed forest,#5C752B,4996,449.64,4.4963999999999995,4985,DENETIAH CORRIDOR PROTECTED AREA
1,Temperate or sub-polar broadleaf deciduous forest,#148C3D,4404,396.36,3.9636,4985,DENETIAH CORRIDOR PROTECTED AREA
1,Barren lands,#A8ABAD,489,44.01,0.4401,4985,DENETIAH CORRIDOR PROTECTED AREA
1,Sub-polar taiga needleleaf forest,#949C70,33,2.9699999999999998,0.029699999999999997,4985,DENETIAH CORRIDOR PROTECTED AREA
1,Wetland,#6BA38A,24,2.16,0.0216,4985,DENETIAH CORRIDOR PROTECTED AREA
1,Sub-polar or polar grassland-lichen-moss,#BAD48F,6,0.54,0.0054,4985,DENETIAH CORRIDOR PROTECTED AREA
1,Temperate or sub-polar needleleaf forest,#003D00,21955,1975.9499999999998,19.7595,9821,UPPER RAUSH PROTECTED AREA
1,Barren lands,#A8ABAD,13781,1240.29,12.402899999999999,9821,UPPER RAUSH PROTECTED AREA
1,Temperate or sub-polar grassland,#E0CF8A,9685,871.65,8.7165,9821,UPPER RAUSH PROTECTED AREA
1,Temperate or sub-polar shrubland,#B38A33,6222,559.98,5.5998,9821,UPPER RAUSH PROTECTED AREA
1,Temperate or sub-polar broadleaf deciduous forest,#148C3D,2551,229.59,2.2959,9821,UPPER RAUSH PROTECTED AREA
1,Sub-polar taiga needleleaf forest,#949C70,2455,220.95,2.2095,9821,UPPER RAUSH PROTECTED AREA
1,Snow and Ice,#FFFAFF,1601,144.09,1.4409,9821,UPPER RAUSH PROTECTED AREA
1,Mixed forest,#5C752B,1539,138.51,1.3851,9821,UPPER RAUSH PROTECTED AREA
1,Water,#4D70A3,325,29.25,0.2925,9821,UPPER RAUSH PROTECTED AREA
1,Wetland,#6BA38A,148,13.32,0.1332,9821,UPPER RAUSH PROTECTED AREA
1,Sub-polar or polar grassland-lichen-moss,#BAD48F,45,4.05,0.0405,9821,UPPER RAUSH PROTECTED AREA
1,Sub-polar or polar shrubland-lichen-moss,#9C7554,35,3.15,0.0315,9821,UPPER RAUSH PROTECTED AREA
1,Temperate or sub-polar needleleaf forest,#003D00,43081,3877.29,38.7729,4981,BEARHOLE LAKE PROTECTED AREA
1,Mixed forest,#5C752B,6324,569.16,5.691599999999999,4981,BEARHOLE LAKE PROTECTED AREA
1,Temperate or sub-polar broadleaf deciduous forest,#148C3D,3087,277.83,2.7782999999999998,4981,BEARHOLE LAKE PROTECTED AREA
1,Temperate or sub-polar shrubland,#B38A33,1105,99.45,0.9945,4981,BEARHOLE LAKE PROTECTED AREA
1,Water,#4D70A3,412,37.08,0.37079999999999996,4981,BEARHOLE LAKE PROTECTED AREA
1,Temperate or sub-polar grassland,#E0CF8A,26,2.34,0.023399999999999997,4981,BEARHOLE LAKE PROTECTED AREA
1,Wetland,#6BA38A,6,0.54,0.0054,4981,BEARHOLE LAKE PROTECTED AREA
1,Temperate or sub-polar needleleaf forest,#003D00,39613,3565.17,35.6517,5033,SUTHERLAND RIVER PROTECTED AREA
1,Mixed forest,#5C752B,4953,445.77,4.4577,5033,SUTHERLAND RIVER PROTECTED AREA
1,Temperate or sub-polar broadleaf deciduous forest,#148C3D,3579,322.11,3.2211000000000003,5033,SUTHERLAND RIVER PROTECTED AREA
1,Temperate or sub-polar shrubland,#B38A33,2489,224.01,2.2401,5033,SUTHERLAND RIVER PROTECTED AREA
1,Water,#4D70A3,828,74.52,0.7452,5033,SUTHERLAND RIVER PROTECTED AREA
1,Barren lands,#A8ABAD,296,26.64,0.2664,5033,SUTHERLAND RIVER PROTECTED AREA
1,Temperate or sub-polar grassland,#E0CF8A,119,10.709999999999999,0.10709999999999999,5033,SUTHERLAND RIVER PROTECTED AREA
1,Temperate or sub-polar broadleaf deciduous forest,#148C3D,16918,1522.62,15.226199999999999,5022,LIARD RIVER CORRIDOR PROTECTED AREA
1,Temperate or sub-polar shrubland,#B38A33,13671,1230.3899999999999,12.303899999999999,5022,LIARD RIVER CORRIDOR PROTECTED AREA
1,Temperate or sub-polar needleleaf forest,#003D00,10186,916.74,9.1674,5022,LIARD RIVER CORRIDOR PROTECTED AREA
1,Mixed forest,#5C752B,7964,716.76,7.1676,5022,LIARD RIVER CORRIDOR PROTECTED AREA
1,Water,#4D70A3,1334,120.06,1.2006000000000001,5022,LIARD RIVER CORRIDOR PROTECTED AREA
1,Sub-polar taiga needleleaf forest,#949C70,230,20.7,0.207,5022,LIARD RIVER CORRIDOR PROTECTED AREA
1,Temperate or sub-polar grassland,#E0CF8A,56,5.04,0.0504,5022,LIARD RIVER CORRIDOR PROTECTED AREA
1,Wetland,#6BA38A,31,2.79,0.0279,5022,LIARD RIVER CORRIDOR PROTECTED AREA
1,Sub-polar or polar grassland-lichen-moss,#BAD48F,14,1.26,0.0126,5022,LIARD RIVER CORRIDOR PROTECTED AREA
1,Temperate or sub-polar needleleaf forest,#003D00,45254,4072.8599999999997,40.7286,9587,BRENT MOUNTAIN PROTECTED AREA
1,Temperate or sub-polar shrubland,#B38A33,1629,146.60999999999999,1.4661,9587,BRENT MOUNTAIN PROTECTED AREA
1,Temperate or sub-polar grassland,#E0CF8A,811,72.99,0.7299,9587,BRENT MOUNTAIN PROTECTED AREA
1,Mixed forest,#5C752B,306,27.54,0.2754,9587,BRENT MOUNTAIN PROTECTED AREA
1,Barren lands,#A8ABAD,79,7.109999999999999,0.0711,9587,BRENT MOUNTAIN PROTECTED AREA
1,Temperate or sub-polar broadleaf deciduous forest,#148C3D,75,6.75,0.0675,9587,BRENT MOUNTAIN PROTECTED AREA
1,Temperate or sub-polar grassland,#E0CF8A,15809,1422.81,14.2281,6624,WHITE LAKE GRASSLANDS PROTECTED AREA
1,Temperate or sub-polar needleleaf forest,#003D00,14146,1273.1399999999999,12.731399999999999,6624,WHITE LAKE GRASSLANDS PROTECTED AREA
1,Barren lands,#A8ABAD,10108,909.7199999999999,9.097199999999999,6624,WHITE LAKE GRASSLANDS PROTECTED AREA
1,Temperate or sub-polar shrubland,#B38A33,1165,104.85,1.0485,6624,WHITE LAKE GRASSLANDS PROTECTED AREA
1,Urban,#DB2126,121,10.889999999999999,0.10889999999999998,6624,WHITE LAKE GRASSLANDS PROTECTED AREA
1,Water,#4D70A3,90,8.1,0.081,6624,WHITE LAKE GRASSLANDS PROTECTED AREA
1,Mixed forest,#5C752B,24,2.16,0.0216,6624,WHITE LAKE GRASSLANDS PROTECTED AREA
1,Temperate or sub-polar broadleaf deciduous forest,#148C3D,24,2.16,0.0216,6624,WHITE LAKE GRASSLANDS PROTECTED AREA
1,Cropland,#E6AD66,23,2.07,0.0207,6624,WHITE LAKE GRASSLANDS PROTECTED AREA
1,Wetland,#6BA38A,6,0.54,0.0054,6624,WHITE LAKE GRASSLANDS PROTECTED AREA
1,Temperate or sub-polar needleleaf forest,#003D00,23500,2115,21.15,9819,THINAHTEA NORTH PROTECTED AREA
1,Temperate or sub-polar shrubland,#B38A33,6687,601.8299999999999,6.018299999999999,9819,THINAHTEA NORTH PROTECTED AREA
1,Water,#4D70A3,2645,238.04999999999998,2.3804999999999996,9819,THINAHTEA NORTH PROTECTED AREA
1,Mixed forest,#5C752B,2558,230.22,2.3022,9819,THINAHTEA NORTH PROTECTED AREA
1,Temperate or sub-polar grassland,#E0CF8A,1524,137.16,1.3716,9819,THINAHTEA NORTH PROTECTED AREA
1,Temperate or sub-polar broadleaf deciduous forest,#148C3D,1378,124.02,1.2402,9819,THINAHTEA NORTH PROTECTED AREA
1,Wetland,#6BA38A,281,25.29,0.2529,9819,THINAHTEA NORTH PROTECTED AREA
1,Barren lands,#A8ABAD,20,1.7999999999999998,0.018,9819,THINAHTEA NORTH PROTECTED AREA
1,Sub-polar taiga needleleaf forest,#949C70,5,0.44999999999999996,0.0045,9819,THINAHTEA NORTH PROTECTED AREA
1,Temperate or sub-polar needleleaf forest,#003D00,19005,1710.45,17.1045,5019,FINTRY PROTECTED AREA
1,Temperate or sub-polar grassland,#E0CF8A,5394,485.46,4.8546,5019,FINTRY PROTECTED AREA
1,Barren lands,#A8ABAD,3797,341.72999999999996,3.4172999999999996,5019,FINTRY PROTECTED AREA
1,Temperate or sub-polar shrubland,#B38A33,3796,341.64,3.4164,5019,FINTRY PROTECTED AREA
1,Sub-polar taiga needleleaf forest,#949C70,817,73.53,0.7353000000000001,5019,FINTRY PROTECTED AREA
1,Water,#4D70A3,489,44.01,0.4401,5019,FINTRY PROTECTED AREA
1,Mixed forest,#5C752B,328,29.52,0.2952,5019,FINTRY PROTECTED AREA
1,Temperate or sub-polar broadleaf deciduous forest,#148C3D,150,13.5,0.135,5019,FINTRY PROTECTED AREA
1,Sub-polar or polar grassland-lichen-moss,#BAD48F,123,11.07,0.1107,5019,FINTRY PROTECTED AREA
1,Urban,#DB2126,86,7.739999999999999,0.0774,5019,FINTRY PROTECTED AREA
1,Sub-polar or polar shrubland-lichen-moss,#9C7554,5,0.44999999999999996,0.0045,5019,FINTRY PROTECTED AREA
1,Temperate or sub-polar needleleaf forest,#003D00,16475,1482.75,14.8275,9518,GREENBUSH LAKE PROTECTED AREA
1,Barren lands,#A8ABAD,4017,361.53,3.6152999999999995,9518,GREENBUSH LAKE PROTECTED AREA
1,Temperate or sub-polar shrubland,#B38A33,2084,187.56,1.8756,9518,GREENBUSH LAKE PROTECTED AREA
1,Temperate or sub-polar broadleaf deciduous forest,#148C3D,2023,182.07,1.8207,9518,GREENBUSH LAKE PROTECTED AREA
1,Water,#4D70A3,1968,177.12,1.7712,9518,GREENBUSH LAKE PROTECTED AREA
1,Temperate or sub-polar grassland,#E0CF8A,1954,175.85999999999999,1.7586,9518,GREENBUSH LAKE PROTECTED AREA
1,Mixed forest,#5C752B,1263,113.67,1.1367,9518,GREENBUSH LAKE PROTECTED AREA
1,Sub-polar taiga needleleaf forest,#949C70,646,58.14,0.5814,9518,GREENBUSH LAKE PROTECTED AREA
1,Snow and Ice,#FFFAFF,425,38.25,0.3825,9518,GREENBUSH LAKE PROTECTED AREA
1,Wetland,#6BA38A,32,2.88,0.0288,9518,GREENBUSH LAKE PROTECTED AREA
1,Sub-polar or polar shrubland-lichen-moss,#9C7554,9,0.8099999999999999,0.0081,9518,GREENBUSH LAKE PROTECTED AREA
1,Sub-polar or polar grassland-lichen-moss,#BAD48F,8,0.72,0.0072,9518,GREENBUSH LAKE PROTECTED AREA
1,Temperate or sub-polar needleleaf forest,#003D00,21245,1912.05,19.1205,0533,BURNIE RIVER PROTECTED AREA
1,Barren lands,#A8ABAD,1586,142.73999999999998,1.4273999999999998,0533,BURNIE RIVER PROTECTED AREA
1,Mixed forest,#5C752B,706,63.54,0.6354,0533,BURNIE RIVER PROTECTED AREA
1,Temperate or sub-polar shrubland,#B38A33,488,43.92,0.43920000000000003,0533,BURNIE RIVER PROTECTED AREA
1,Temperate or sub-polar grassland,#E0CF8A,483,43.47,0.4347,0533,BURNIE RIVER PROTECTED AREA
1,Water,#4D70A3,479,43.11,0.4311,0533,BURNIE RIVER PROTECTED AREA
1,Temperate or sub-polar broadleaf deciduous forest,#148C3D,165,14.85,0.1485,0533,BURNIE RIVER PROTECTED AREA
1,Sub-polar or polar shrubland-lichen-moss,#9C7554,37,3.33,0.0333,0533,BURNIE RIVER PROTECTED AREA
1,Snow and Ice,#FFFAFF,8,0.72,0.0072,0533,BURNIE RIVER PROTECTED AREA
1,Temperate or sub-polar needleleaf forest,#003D00,21064,1895.76,18.9576,0517,THUNDERBIRD'S NEST (T'IITSK'IN PAAWATS) PROTECTED
1,Water,#4D70A3,1899,170.91,1.7091,0517,THUNDERBIRD'S NEST (T'IITSK'IN PAAWATS) PROTECTED
1,Mixed forest,#5C752B,1864,167.76,1.6776,0517,THUNDERBIRD'S NEST (T'IITSK'IN PAAWATS) PROTECTED
1,Temperate or sub-polar shrubland,#B38A33,645,58.05,0.5805,0517,THUNDERBIRD'S NEST (T'IITSK'IN PAAWATS) PROTECTED
1,Temperate or sub-polar grassland,#E0CF8A,325,29.25,0.2925,0517,THUNDERBIRD'S NEST (T'IITSK'IN PAAWATS) PROTECTED
1,Temperate or sub-polar broadleaf deciduous forest,#148C3D,106,9.54,0.09539999999999998,0517,THUNDERBIRD'S NEST (T'IITSK'IN PAAWATS) PROTECTED
1,Barren lands,#A8ABAD,54,4.859999999999999,0.0486,0517,THUNDERBIRD'S NEST (T'IITSK'IN PAAWATS) PROTECTED
1,Mixed forest,#5C752B,10590,953.0999999999999,9.530999999999999,9799,HAY RIVER PROTECTED AREA
1,Temperate or sub-polar broadleaf deciduous forest,#148C3D,5642,507.78,5.0778,9799,HAY RIVER PROTECTED AREA
1,Temperate or sub-polar needleleaf forest,#003D00,4511,405.99,4.0599,9799,HAY RIVER PROTECTED AREA
1,Water,#4D70A3,2211,198.98999999999998,1.9898999999999998,9799,HAY RIVER PROTECTED AREA
1,Temperate or sub-polar shrubland,#B38A33,1481,133.29,1.3329,9799,HAY RIVER PROTECTED AREA
1,Sub-polar taiga needleleaf forest,#949C70,36,3.2399999999999998,0.0324,9799,HAY RIVER PROTECTED AREA
1,Sub-polar or polar grassland-lichen-moss,#BAD48F,8,0.72,0.0072,9799,HAY RIVER PROTECTED AREA
1,Wetland,#6BA38A,8,0.72,0.0072,9799,HAY RIVER PROTECTED AREA
1,Temperate or sub-polar needleleaf forest,#003D00,23091,2078.19,20.7819,5032,SUSTUT PROTECTED AREA
1,Temperate or sub-polar shrubland,#B38A33,246,22.14,0.2214,5032,SUSTUT PROTECTED AREA
1,Water,#4D70A3,208,18.72,0.18719999999999998,5032,SUSTUT PROTECTED AREA
1,Mixed forest,#5C752B,195,17.55,0.17550000000000002,5032,SUSTUT PROTECTED AREA
1,Temperate or sub-polar broadleaf deciduous forest,#148C3D,67,6.029999999999999,0.06029999999999999,5032,SUSTUT PROTECTED AREA
1,Temperate or sub-polar grassland,#E0CF8A,5,0.44999999999999996,0.0045,5032,SUSTUT PROTECTED AREA
1,Temperate or sub-polar needleleaf forest,#003D00,18625,1676.25,16.7625,5031,SUGARBOWL-GRIZZLY DEN PROTECTED AREA
1,Temperate or sub-polar broadleaf deciduous forest,#148C3D,2510,225.9,2.259,5031,SUGARBOWL-GRIZZLY DEN PROTECTED AREA
1,Mixed forest,#5C752B,2410,216.9,2.169,5031,SUGARBOWL-GRIZZLY DEN PROTECTED AREA
1,Temperate or sub-polar shrubland,#B38A33,413,37.17,0.37170000000000003,5031,SUGARBOWL-GRIZZLY DEN PROTECTED AREA
1,Water,#4D70A3,16,1.44,0.0144,5031,SUGARBOWL-GRIZZLY DEN PROTECTED AREA
1,Temperate or sub-polar grassland,#E0CF8A,13,1.17,0.011699999999999999,5031,SUGARBOWL-GRIZZLY DEN PROTECTED AREA
1,Temperate or sub-polar needleleaf forest,#003D00,14855,1336.95,13.3695,5027,OMINECA PROTECTED AREA
1,Mixed forest,#5C752B,4560,410.4,4.104,5027,OMINECA PROTECTED AREA
1,Temperate or sub-polar broadleaf deciduous forest,#148C3D,1310,117.89999999999999,1.1789999999999998,5027,OMINECA PROTECTED AREA
1,Temperate or sub-polar shrubland,#B38A33,1030,92.7,0.927,5027,OMINECA PROTECTED AREA
1,Water,#4D70A3,112,10.08,0.1008,5027,OMINECA PROTECTED AREA
1,Temperate or sub-polar grassland,#E0CF8A,102,9.18,0.09179999999999999,5027,OMINECA PROTECTED AREA
1,Urban,#DB2126,75,6.75,0.0675,5027,OMINECA PROTECTED AREA
1,Temperate or sub-polar needleleaf forest,#003D00,9630,866.6999999999999,8.667,0471,VASEUX PROTECTED AREA
1,Barren lands,#A8ABAD,7112,640.0799999999999,6.400799999999999,0471,VASEUX PROTECTED AREA
1,Temperate or sub-polar grassland,#E0CF8A,5029,452.60999999999996,4.5261,0471,VASEUX PROTECTED AREA
1,Sub-polar or polar grassland-lichen-moss,#BAD48F,126,11.34,0.1134,0471,VASEUX PROTECTED AREA
1,Mixed forest,#5C752B,79,7.109999999999999,0.0711,0471,VASEUX PROTECTED AREA
1,Temperate or sub-polar shrubland,#B38A33,77,6.93,0.0693,0471,VASEUX PROTECTED AREA
1,Water,#4D70A3,38,3.42,0.0342,0471,VASEUX PROTECTED AREA
1,Urban,#DB2126,18,1.6199999999999999,0.0162,0471,VASEUX PROTECTED AREA
1,Sub-polar taiga needleleaf forest,#949C70,1,0.09,9e-4,0471,VASEUX PROTECTED AREA
1,Temperate or sub-polar needleleaf forest,#003D00,19733,1775.97,17.7597,9773,PURCELL WILDERNESS CONSERVANCY PARK CORRIDOR PROTE
1,Temperate or sub-polar shrubland,#B38A33,993,89.36999999999999,0.8936999999999999,9773,PURCELL WILDERNESS CONSERVANCY PARK CORRIDOR PROTE
1,Water,#4D70A3,700,63,0.63,9773,PURCELL WILDERNESS CONSERVANCY PARK CORRIDOR PROTE
1,Temperate or sub-polar grassland,#E0CF8A,345,31.049999999999997,0.3105,9773,PURCELL WILDERNESS CONSERVANCY PARK CORRIDOR PROTE
1,Barren lands,#A8ABAD,68,6.12,0.061200000000000004,9773,PURCELL WILDERNESS CONSERVANCY PARK CORRIDOR PROTE
1,Mixed forest,#5C752B,46,4.14,0.0414,9773,PURCELL WILDERNESS CONSERVANCY PARK CORRIDOR PROTE
1,Temperate or sub-polar broadleaf deciduous forest,#148C3D,15,1.3499999999999999,0.013499999999999998,9773,PURCELL WILDERNESS CONSERVANCY PARK CORRIDOR PROTE
1,Mixed forest,#5C752B,4811,432.99,4.3299,9790,EKWAN LAKE PROTECTED AREA
1,Temperate or sub-polar broadleaf deciduous forest,#148C3D,4216,379.44,3.7944,9790,EKWAN LAKE PROTECTED AREA
1,Temperate or sub-polar needleleaf forest,#003D00,3704,333.36,3.3336,9790,EKWAN LAKE PROTECTED AREA
1,Temperate or sub-polar shrubland,#B38A33,2965,266.84999999999997,2.6685,9790,EKWAN LAKE PROTECTED AREA
1,Water,#4D70A3,2638,237.42,2.3742,9790,EKWAN LAKE PROTECTED AREA
1,Sub-polar or polar grassland-lichen-moss,#BAD48F,20,1.7999999999999998,0.018,9790,EKWAN LAKE PROTECTED AREA
1,Wetland,#6BA38A,14,1.26,0.0126,9790,EKWAN LAKE PROTECTED AREA
1,Temperate or sub-polar needleleaf forest,#003D00,13038,1173.4199999999998,11.734199999999998,0511,HISNIT RIVER WATERSHED PROTECTED AREA
1,Mixed forest,#5C752B,4284,385.56,3.8556,0511,HISNIT RIVER WATERSHED PROTECTED AREA
1,Water,#4D70A3,938,84.42,0.8442000000000001,0511,HISNIT RIVER WATERSHED PROTECTED AREA
1,Temperate or sub-polar shrubland,#B38A33,120,10.799999999999999,0.10799999999999998,0511,HISNIT RIVER WATERSHED PROTECTED AREA
1,Temperate or sub-polar broadleaf deciduous forest,#148C3D,98,8.82,0.0882,0511,HISNIT RIVER WATERSHED PROTECTED AREA
1,Temperate or sub-polar grassland,#E0CF8A,36,3.2399999999999998,0.0324,0511,HISNIT RIVER WATERSHED PROTECTED AREA
1,Temperate or sub-polar needleleaf forest,#003D00,11037,993.3299999999999,9.9333,5039,EXCHAMSIKS RIVER PROTECTED AREA
1,Mixed forest,#5C752B,1977,177.93,1.7793,5039,EXCHAMSIKS RIVER PROTECTED AREA
1,Temperate or sub-polar shrubland,#B38A33,1937,174.32999999999998,1.7432999999999998,5039,EXCHAMSIKS RIVER PROTECTED AREA
1,Water,#4D70A3,1072,96.47999999999999,0.9647999999999999,5039,EXCHAMSIKS RIVER PROTECTED AREA
1,Barren lands,#A8ABAD,227,20.43,0.2043,5039,EXCHAMSIKS RIVER PROTECTED AREA
1,Temperate or sub-polar broadleaf deciduous forest,#148C3D,223,20.07,0.2007,5039,EXCHAMSIKS RIVER PROTECTED AREA
1,Temperate or sub-polar grassland,#E0CF8A,178,16.02,0.1602,5039,EXCHAMSIKS RIVER PROTECTED AREA
1,Urban,#DB2126,75,6.75,0.0675,5039,EXCHAMSIKS RIVER PROTECTED AREA
1,Sub-polar or polar grassland-lichen-moss,#BAD48F,8,0.72,0.0072,5039,EXCHAMSIKS RIVER PROTECTED AREA
1,Snow and Ice,#FFFAFF,5,0.44999999999999996,0.0045,5039,EXCHAMSIKS RIVER PROTECTED AREA
1,Temperate or sub-polar needleleaf forest,#003D00,10193,917.37,9.1737,5029,PTARMIGAN PROTECTED AREA
1,Temperate or sub-polar grassland,#E0CF8A,1710,153.9,1.5390000000000001,5029,PTARMIGAN PROTECTED AREA
1,Temperate or sub-polar broadleaf deciduous forest,#148C3D,720,64.8,0.648,5029,PTARMIGAN PROTECTED AREA
1,Temperate or sub-polar shrubland,#B38A33,490,44.1,0.441,5029,PTARMIGAN PROTECTED AREA
1,Mixed forest,#5C752B,447,40.23,0.4023,5029,PTARMIGAN PROTECTED AREA
1,Barren lands,#A8ABAD,302,27.18,0.2718,5029,PTARMIGAN PROTECTED AREA
1,Sub-polar taiga needleleaf forest,#949C70,199,17.91,0.1791,5029,PTARMIGAN PROTECTED AREA
1,Water,#4D70A3,18,1.6199999999999999,0.0162,5029,PTARMIGAN PROTECTED AREA
1,Wetland,#6BA38A,11,0.99,0.009899999999999999,5029,PTARMIGAN PROTECTED AREA
1,Temperate or sub-polar needleleaf forest,#003D00,10001,900.0899999999999,9.0009,9805,LOWER RAUSH PROTECTED AREA
1,Temperate or sub-polar shrubland,#B38A33,1543,138.87,1.3887,9805,LOWER RAUSH PROTECTED AREA
1,Temperate or sub-polar broadleaf deciduous forest,#148C3D,460,41.4,0.414,9805,LOWER RAUSH PROTECTED AREA
1,Barren lands,#A8ABAD,453,40.769999999999996,0.40769999999999995,9805,LOWER RAUSH PROTECTED AREA
1,Sub-polar taiga needleleaf forest,#949C70,407,36.629999999999995,0.36629999999999996,9805,LOWER RAUSH PROTECTED AREA
1,Temperate or sub-polar grassland,#E0CF8A,370,33.3,0.33299999999999996,9805,LOWER RAUSH PROTECTED AREA
1,Mixed forest,#5C752B,342,30.779999999999998,0.30779999999999996,9805,LOWER RAUSH PROTECTED AREA
1,Water,#4D70A3,191,17.189999999999998,0.17189999999999997,9805,LOWER RAUSH PROTECTED AREA
1,Sub-polar or polar grassland-lichen-moss,#BAD48F,36,3.2399999999999998,0.0324,9805,LOWER RAUSH PROTECTED AREA
1,Sub-polar or polar shrubland-lichen-moss,#9C7554,10,0.8999999999999999,0.009,9805,LOWER RAUSH PROTECTED AREA
1,Snow and Ice,#FFFAFF,4,0.36,0.0036,9805,LOWER RAUSH PROTECTED AREA
1,Temperate or sub-polar needleleaf forest,#003D00,4984,448.56,4.4856,9779,NECHAKO CANYON PROTECTED AREA
1,Temperate or sub-polar grassland,#E0CF8A,4672,420.47999999999996,4.2048,9779,NECHAKO CANYON PROTECTED AREA
1,Mixed forest,#5C752B,1041,93.69,0.9369,9779,NECHAKO CANYON PROTECTED AREA
1,Barren lands,#A8ABAD,889,80.00999999999999,0.8000999999999999,9779,NECHAKO CANYON PROTECTED AREA
1,Temperate or sub-polar shrubland,#B38A33,848,76.32,0.7631999999999999,9779,NECHAKO CANYON PROTECTED AREA
1,Water,#4D70A3,560,50.4,0.504,9779,NECHAKO CANYON PROTECTED AREA
1,Temperate or sub-polar broadleaf deciduous forest,#148C3D,31,2.79,0.0279,9779,NECHAKO CANYON PROTECTED AREA
1,Temperate or sub-polar needleleaf forest,#003D00,6689,602.01,6.0201,9794,FOSTER ARM PROTECTED AREA
1,Mixed forest,#5C752B,1887,169.82999999999998,1.6983,9794,FOSTER ARM PROTECTED AREA
1,Temperate or sub-polar broadleaf deciduous forest,#148C3D,928,83.52,0.8351999999999999,9794,FOSTER ARM PROTECTED AREA
1,Water,#4D70A3,620,55.8,0.5579999999999999,9794,FOSTER ARM PROTECTED AREA
1,Temperate or sub-polar shrubland,#B38A33,573,51.57,0.5157,9794,FOSTER ARM PROTECTED AREA
1,Temperate or sub-polar grassland,#E0CF8A,287,25.83,0.2583,9794,FOSTER ARM PROTECTED AREA
1,Sub-polar taiga needleleaf forest,#949C70,66,5.9399999999999995,0.059399999999999994,9794,FOSTER ARM PROTECTED AREA
1,Sub-polar or polar shrubland-lichen-moss,#9C7554,19,1.71,0.0171,9794,FOSTER ARM PROTECTED AREA
1,Barren lands,#A8ABAD,10,0.8999999999999999,0.009,9794,FOSTER ARM PROTECTED AREA
1,Temperate or sub-polar needleleaf forest,#003D00,4555,409.95,4.0995,8306,SIKANNI CHIEF FALLS PROTECTED AREA
1,Mixed forest,#5C752B,1660,149.4,1.494,8306,SIKANNI CHIEF FALLS PROTECTED AREA
1,Temperate or sub-polar broadleaf deciduous forest,#148C3D,1093,98.36999999999999,0.9836999999999999,8306,SIKANNI CHIEF FALLS PROTECTED AREA
1,Temperate or sub-polar shrubland,#B38A33,832,74.88,0.7487999999999999,8306,SIKANNI CHIEF FALLS PROTECTED AREA
1,Water,#4D70A3,266,23.939999999999998,0.23939999999999997,8306,SIKANNI CHIEF FALLS PROTECTED AREA
1,Temperate or sub-polar grassland,#E0CF8A,46,4.14,0.0414,8306,SIKANNI CHIEF FALLS PROTECTED AREA
1,Wetland,#6BA38A,6,0.54,0.0054,8306,SIKANNI CHIEF FALLS PROTECTED AREA
1,Barren lands,#A8ABAD,5,0.44999999999999996,0.0045,8306,SIKANNI CHIEF FALLS PROTECTED AREA
1,Temperate or sub-polar needleleaf forest,#003D00,6051,544.59,5.4459,9762,DUCK LAKE PROTECTED AREA
1,Water,#4D70A3,1252,112.67999999999999,1.1268,9762,DUCK LAKE PROTECTED AREA
1,Mixed forest,#5C752B,1051,94.59,0.9459000000000001,9762,DUCK LAKE PROTECTED AREA
1,Temperate or sub-polar broadleaf deciduous forest,#148C3D,74,6.66,0.0666,9762,DUCK LAKE PROTECTED AREA
1,Temperate or sub-polar shrubland,#B38A33,52,4.68,0.046799999999999994,9762,DUCK LAKE PROTECTED AREA
1,Temperate or sub-polar needleleaf forest,#003D00,6196,557.64,5.5764,5026,NORTHERN ROCKY MOUNTAINS PROTECTED AREA
1,Water,#4D70A3,1485,133.65,1.3365,5026,NORTHERN ROCKY MOUNTAINS PROTECTED AREA
1,Temperate or sub-polar grassland,#E0CF8A,129,11.61,0.1161,5026,NORTHERN ROCKY MOUNTAINS PROTECTED AREA
1,Temperate or sub-polar shrubland,#B38A33,123,11.07,0.1107,5026,NORTHERN ROCKY MOUNTAINS PROTECTED AREA
1,Mixed forest,#5C752B,35,3.15,0.0315,5026,NORTHERN ROCKY MOUNTAINS PROTECTED AREA
1,Sub-polar taiga needleleaf forest,#949C70,33,2.9699999999999998,0.029699999999999997,5026,NORTHERN ROCKY MOUNTAINS PROTECTED AREA
1,Urban,#DB2126,17,1.53,0.015300000000000001,5026,NORTHERN ROCKY MOUNTAINS PROTECTED AREA
1,Temperate or sub-polar broadleaf deciduous forest,#148C3D,16,1.44,0.0144,5026,NORTHERN ROCKY MOUNTAINS PROTECTED AREA
1,Barren lands,#A8ABAD,15,1.3499999999999999,0.013499999999999998,5026,NORTHERN ROCKY MOUNTAINS PROTECTED AREA
1,Temperate or sub-polar needleleaf forest,#003D00,3790,341.09999999999997,3.4109999999999996,9953,ANCIENT FOREST/CHUN T'OH WHUDUJUT PROTECTED AREA
1,Mixed forest,#5C752B,2132,191.88,1.9188,9953,ANCIENT FOREST/CHUN T'OH WHUDUJUT PROTECTED AREA
1,Wetland,#6BA38A,745,67.05,0.6705,9953,ANCIENT FOREST/CHUN T'OH WHUDUJUT PROTECTED AREA
1,Temperate or sub-polar broadleaf deciduous forest,#148C3D,387,34.83,0.3483,9953,ANCIENT FOREST/CHUN T'OH WHUDUJUT PROTECTED AREA
1,Temperate or sub-polar shrubland,#B38A33,248,22.32,0.2232,9953,ANCIENT FOREST/CHUN T'OH WHUDUJUT PROTECTED AREA
1,Water,#4D70A3,81,7.29,0.0729,9953,ANCIENT FOREST/CHUN T'OH WHUDUJUT PROTECTED AREA
1,Temperate or sub-polar grassland,#E0CF8A,13,1.17,0.011699999999999999,9953,ANCIENT FOREST/CHUN T'OH WHUDUJUT PROTECTED AREA
1,Urban,#DB2126,12,1.08,0.0108,9953,ANCIENT FOREST/CHUN T'OH WHUDUJUT PROTECTED AREA
1,Snow and Ice,#FFFAFF,9,0.8099999999999999,0.0081,9953,ANCIENT FOREST/CHUN T'OH WHUDUJUT PROTECTED AREA
1,Temperate or sub-polar needleleaf forest,#003D00,4183,376.46999999999997,3.7646999999999995,0344,HAKAI CONSERVATION STUDY AREA
1,Water,#4D70A3,1727,155.43,1.5543,0344,HAKAI CONSERVATION STUDY AREA
1,Temperate or sub-polar broadleaf deciduous forest,#148C3D,17,1.53,0.015300000000000001,0344,HAKAI CONSERVATION STUDY AREA
1,Temperate or sub-polar grassland,#E0CF8A,6,0.54,0.0054,0344,HAKAI CONSERVATION STUDY AREA
1,Temperate or sub-polar needleleaf forest,#003D00,3688,331.92,3.3192000000000004,0509,MOUNT ROBSON CORRIDOR PROTECTED AREA
1,Temperate or sub-polar grassland,#E0CF8A,678,61.019999999999996,0.6102,0509,MOUNT ROBSON CORRIDOR PROTECTED AREA
1,Temperate or sub-polar shrubland,#B38A33,334,30.06,0.3006,0509,MOUNT ROBSON CORRIDOR PROTECTED AREA
1,Mixed forest,#5C752B,137,12.33,0.1233,0509,MOUNT ROBSON CORRIDOR PROTECTED AREA
1,Barren lands,#A8ABAD,101,9.09,0.0909,0509,MOUNT ROBSON CORRIDOR PROTECTED AREA
1,Water,#4D70A3,87,7.83,0.0783,0509,MOUNT ROBSON CORRIDOR PROTECTED AREA
1,Urban,#DB2126,77,6.93,0.0693,0509,MOUNT ROBSON CORRIDOR PROTECTED AREA
1,Temperate or sub-polar broadleaf deciduous forest,#148C3D,61,5.49,0.054900000000000004,0509,MOUNT ROBSON CORRIDOR PROTECTED AREA
1,Temperate or sub-polar needleleaf forest,#003D00,3323,299.07,2.9907,5044,KAKWA PROTECTED AREA
1,Mixed forest,#5C752B,735,66.14999999999999,0.6614999999999999,5044,KAKWA PROTECTED AREA
1,Temperate or sub-polar shrubland,#B38A33,336,30.24,0.3024,5044,KAKWA PROTECTED AREA
1,Temperate or sub-polar broadleaf deciduous forest,#148C3D,280,25.2,0.252,5044,KAKWA PROTECTED AREA
1,Sub-polar taiga needleleaf forest,#949C70,166,14.94,0.1494,5044,KAKWA PROTECTED AREA
1,Temperate or sub-polar grassland,#E0CF8A,77,6.93,0.0693,5044,KAKWA PROTECTED AREA
1,Water,#4D70A3,4,0.36,0.0036,5044,KAKWA PROTECTED AREA
1,Sub-polar or polar shrubland-lichen-moss,#9C7554,3,0.27,0.0027,5044,KAKWA PROTECTED AREA
1,Temperate or sub-polar shrubland,#B38A33,3324,299.15999999999997,2.9915999999999996,0440,ANARCHIST PROTECTED AREA
1,Temperate or sub-polar needleleaf forest,#003D00,1302,117.17999999999999,1.1718,0440,ANARCHIST PROTECTED AREA
1,Temperate or sub-polar grassland,#E0CF8A,170,15.299999999999999,0.153,0440,ANARCHIST PROTECTED AREA
1,Barren lands,#A8ABAD,104,9.36,0.09359999999999999,0440,ANARCHIST PROTECTED AREA
1,Mixed forest,#5C752B,15,1.3499999999999999,0.013499999999999998,0440,ANARCHIST PROTECTED AREA
1,Sub-polar or polar grassland-lichen-moss,#BAD48F,11,0.99,0.009899999999999999,0440,ANARCHIST PROTECTED AREA
1,Sub-polar taiga needleleaf forest,#949C70,7,0.63,0.0063,0440,ANARCHIST PROTECTED AREA
1,Wetland,#6BA38A,1848,166.32,1.6632,4041,GOGUKA CREEK PROTECTED AREA
1,Temperate or sub-polar needleleaf forest,#003D00,1130,101.7,1.0170000000000001,4041,GOGUKA CREEK PROTECTED AREA
1,Temperate or sub-polar broadleaf deciduous forest,#148C3D,701,63.089999999999996,0.6309,4041,GOGUKA CREEK PROTECTED AREA
1,Mixed forest,#5C752B,668,60.12,0.6012,4041,GOGUKA CREEK PROTECTED AREA
1,Temperate or sub-polar shrubland,#B38A33,243,21.869999999999997,0.21869999999999998,4041,GOGUKA CREEK PROTECTED AREA
1,Temperate or sub-polar needleleaf forest,#003D00,4303,387.27,3.8727,5028,PORTAGE BRULE RAPIDS PROTECTED AREA
1,Mixed forest,#5C752B,111,9.99,0.0999,5028,PORTAGE BRULE RAPIDS PROTECTED AREA
1,Water,#4D70A3,28,2.52,0.0252,5028,PORTAGE BRULE RAPIDS PROTECTED AREA
1,Sub-polar taiga needleleaf forest,#949C70,20,1.7999999999999998,0.018,5028,PORTAGE BRULE RAPIDS PROTECTED AREA
1,Temperate or sub-polar broadleaf deciduous forest,#148C3D,18,1.6199999999999999,0.0162,5028,PORTAGE BRULE RAPIDS PROTECTED AREA
1,Temperate or sub-polar shrubland,#B38A33,13,1.17,0.011699999999999999,5028,PORTAGE BRULE RAPIDS PROTECTED AREA
1,Temperate or sub-polar grassland,#E0CF8A,4,0.36,0.0036,5028,PORTAGE BRULE RAPIDS PROTECTED AREA
1,Mixed forest,#5C752B,1577,141.93,1.4193,0491,KITSUMKALUM LAKE NORTH PROTECTED AREA
1,Water,#4D70A3,1248,112.32,1.1232,0491,KITSUMKALUM LAKE NORTH PROTECTED AREA
1,Temperate or sub-polar needleleaf forest,#003D00,754,67.86,0.6786,0491,KITSUMKALUM LAKE NORTH PROTECTED AREA
1,Temperate or sub-polar broadleaf deciduous forest,#148C3D,384,34.56,0.3456,0491,KITSUMKALUM LAKE NORTH PROTECTED AREA
1,Temperate or sub-polar shrubland,#B38A33,249,22.41,0.2241,0491,KITSUMKALUM LAKE NORTH PROTECTED AREA
1,Urban,#DB2126,9,0.8099999999999999,0.0081,0491,KITSUMKALUM LAKE NORTH PROTECTED AREA
1,Barren lands,#A8ABAD,8,0.72,0.0072,0491,KITSUMKALUM LAKE NORTH PROTECTED AREA
1,Temperate or sub-polar needleleaf forest,#003D00,962,86.58,0.8658,9801,HOLLIDAY CREEK ARCH PROTECTED AREA
1,Temperate or sub-polar shrubland,#B38A33,808,72.72,0.7272,9801,HOLLIDAY CREEK ARCH PROTECTED AREA
1,Barren lands,#A8ABAD,776,69.84,0.6984,9801,HOLLIDAY CREEK ARCH PROTECTED AREA
1,Temperate or sub-polar grassland,#E0CF8A,698,62.82,0.6282,9801,HOLLIDAY CREEK ARCH PROTECTED AREA
1,Temperate or sub-polar broadleaf deciduous forest,#148C3D,637,57.33,0.5733,9801,HOLLIDAY CREEK ARCH PROTECTED AREA
1,Mixed forest,#5C752B,174,15.66,0.1566,9801,HOLLIDAY CREEK ARCH PROTECTED AREA
1,Snow and Ice,#FFFAFF,106,9.54,0.09539999999999998,9801,HOLLIDAY CREEK ARCH PROTECTED AREA
1,Sub-polar taiga needleleaf forest,#949C70,64,5.76,0.0576,9801,HOLLIDAY CREEK ARCH PROTECTED AREA
1,Wetland,#6BA38A,24,2.16,0.0216,9801,HOLLIDAY CREEK ARCH PROTECTED AREA
1,Sub-polar or polar grassland-lichen-moss,#BAD48F,10,0.8999999999999999,0.009,9801,HOLLIDAY CREEK ARCH PROTECTED AREA
1,Temperate or sub-polar grassland,#E0CF8A,1613,145.17,1.4516999999999998,4982,CATHEDRAL PROTECTED AREA
1,Temperate or sub-polar needleleaf forest,#003D00,1612,145.07999999999998,1.4507999999999999,4982,CATHEDRAL PROTECTED AREA
1,Barren lands,#A8ABAD,592,53.28,0.5328,4982,CATHEDRAL PROTECTED AREA
1,Temperate or sub-polar shrubland,#B38A33,27,2.4299999999999997,0.0243,4982,CATHEDRAL PROTECTED AREA
1,Urban,#DB2126,2,0.18,0.0018,4982,CATHEDRAL PROTECTED AREA
1,Temperate or sub-polar needleleaf forest,#003D00,2149,193.41,1.9341,4983,CLOSE-TO-THE-EDGE PROTECTED AREA
1,Mixed forest,#5C752B,405,36.449999999999996,0.36449999999999994,4983,CLOSE-TO-THE-EDGE PROTECTED AREA
1,Temperate or sub-polar grassland,#E0CF8A,331,29.79,0.2979,4983,CLOSE-TO-THE-EDGE PROTECTED AREA
1,Temperate or sub-polar shrubland,#B38A33,122,10.98,0.10980000000000001,4983,CLOSE-TO-THE-EDGE PROTECTED AREA
1,Temperate or sub-polar broadleaf deciduous forest,#148C3D,82,7.38,0.0738,4983,CLOSE-TO-THE-EDGE PROTECTED AREA
1,Barren lands,#A8ABAD,5,0.44999999999999996,0.0045,4983,CLOSE-TO-THE-EDGE PROTECTED AREA
1,Temperate or sub-polar needleleaf forest,#003D00,2655,238.95,2.3895,0492,SWAN CREEK PROTECTED AREA
1,Temperate or sub-polar grassland,#E0CF8A,195,17.55,0.17550000000000002,0492,SWAN CREEK PROTECTED AREA
1,Water,#4D70A3,6,0.54,0.0054,0492,SWAN CREEK PROTECTED AREA
1,Mixed forest,#5C752B,3,0.27,0.0027,0492,SWAN CREEK PROTECTED AREA
1,Temperate or sub-polar needleleaf forest,#003D00,1809,162.81,1.6281,4984,CUMMINS RIVER PROTECTED AREA
1,Mixed forest,#5C752B,744,66.96,0.6696,4984,CUMMINS RIVER PROTECTED AREA
1,Temperate or sub-polar broadleaf deciduous forest,#148C3D,196,17.64,0.1764,4984,CUMMINS RIVER PROTECTED AREA
1,Temperate or sub-polar grassland,#E0CF8A,62,5.58,0.0558,4984,CUMMINS RIVER PROTECTED AREA
1,Wetland,#6BA38A,7,0.63,0.0063,4984,CUMMINS RIVER PROTECTED AREA
1,Temperate or sub-polar shrubland,#B38A33,6,0.54,0.0054,4984,CUMMINS RIVER PROTECTED AREA
1,Temperate or sub-polar needleleaf forest,#003D00,1810,162.9,1.629,9715,BUSE LAKE PROTECTED AREA
1,Water,#4D70A3,303,27.27,0.2727,9715,BUSE LAKE PROTECTED AREA
1,Temperate or sub-polar grassland,#E0CF8A,198,17.82,0.1782,9715,BUSE LAKE PROTECTED AREA
1,Barren lands,#A8ABAD,144,12.959999999999999,0.1296,9715,BUSE LAKE PROTECTED AREA
1,Mixed forest,#5C752B,24,2.16,0.0216,9715,BUSE LAKE PROTECTED AREA
1,Temperate or sub-polar shrubland,#B38A33,8,0.72,0.0072,9715,BUSE LAKE PROTECTED AREA
1,Temperate or sub-polar broadleaf deciduous forest,#148C3D,5,0.44999999999999996,0.0045,9715,BUSE LAKE PROTECTED AREA
1,Urban,#DB2126,4,0.36,0.0036,9715,BUSE LAKE PROTECTED AREA
1,Cropland,#E6AD66,3,0.27,0.0027,9715,BUSE LAKE PROTECTED AREA
1,Temperate or sub-polar needleleaf forest,#003D00,1755,157.95,1.5795,0481,BRIM RIVER HOT SPRINGS PROTECTED AREA
1,Water,#4D70A3,273,24.57,0.2457,0481,BRIM RIVER HOT SPRINGS PROTECTED AREA
1,Mixed forest,#5C752B,83,7.47,0.0747,0481,BRIM RIVER HOT SPRINGS PROTECTED AREA
1,Temperate or sub-polar shrubland,#B38A33,40,3.5999999999999996,0.036,0481,BRIM RIVER HOT SPRINGS PROTECTED AREA
1,Barren lands,#A8ABAD,25,2.25,0.0225,0481,BRIM RIVER HOT SPRINGS PROTECTED AREA
1,Mixed forest,#5C752B,723,65.07,0.6507,0597,SMALL INLET PROTECTED AREA
1,Temperate or sub-polar needleleaf forest,#003D00,527,47.43,0.4743,0597,SMALL INLET PROTECTED AREA
1,Temperate or sub-polar broadleaf deciduous forest,#148C3D,267,24.029999999999998,0.24029999999999999,0597,SMALL INLET PROTECTED AREA
1,Temperate or sub-polar shrubland,#B38A33,226,20.34,0.2034,0597,SMALL INLET PROTECTED AREA
1,Temperate or sub-polar grassland,#E0CF8A,29,2.61,0.026099999999999998,0597,SMALL INLET PROTECTED AREA
1,Temperate or sub-polar needleleaf forest,#003D00,1356,122.03999999999999,1.2204,9796,GISCOME PORTAGE TRAIL PROTECTED AREA
1,Mixed forest,#5C752B,108,9.719999999999999,0.0972,9796,GISCOME PORTAGE TRAIL PROTECTED AREA
1,Temperate or sub-polar shrubland,#B38A33,57,5.13,0.0513,9796,GISCOME PORTAGE TRAIL PROTECTED AREA
1,Temperate or sub-polar broadleaf deciduous forest,#148C3D,41,3.69,0.0369,9796,GISCOME PORTAGE TRAIL PROTECTED AREA
1,Urban,#DB2126,35,3.15,0.0315,9796,GISCOME PORTAGE TRAIL PROTECTED AREA
1,Temperate or sub-polar grassland,#E0CF8A,4,0.36,0.0036,9796,GISCOME PORTAGE TRAIL PROTECTED AREA
1,Mixed forest,#5C752B,849,76.41,0.7641,9803,JACKPINE REMNANT PROTECTED AREA
1,Temperate or sub-polar needleleaf forest,#003D00,528,47.519999999999996,0.47519999999999996,9803,JACKPINE REMNANT PROTECTED AREA
1,Temperate or sub-polar broadleaf deciduous forest,#148C3D,109,9.81,0.0981,9803,JACKPINE REMNANT PROTECTED AREA
1,Temperate or sub-polar shrubland,#B38A33,74,6.66,0.0666,9803,JACKPINE REMNANT PROTECTED AREA
1,Temperate or sub-polar grassland,#E0CF8A,1583,142.47,1.4247,9736,SIX MILE HILL PROTECTED AREA
1,Temperate or sub-polar needleleaf forest,#003D00,27,2.4299999999999997,0.0243,9736,SIX MILE HILL PROTECTED AREA
1,Barren lands,#A8ABAD,17,1.53,0.015300000000000001,9736,SIX MILE HILL PROTECTED AREA
1,Urban,#DB2126,2,0.18,0.0018,9736,SIX MILE HILL PROTECTED AREA
1,Temperate or sub-polar needleleaf forest,#003D00,647,58.23,0.5822999999999999,5041,GITNADOIKS RIVER PROTECTED AREA
1,Mixed forest,#5C752B,412,37.08,0.37079999999999996,5041,GITNADOIKS RIVER PROTECTED AREA
1,Water,#4D70A3,387,34.83,0.3483,5041,GITNADOIKS RIVER PROTECTED AREA
1,Temperate or sub-polar shrubland,#B38A33,78,7.02,0.0702,5041,GITNADOIKS RIVER PROTECTED AREA
1,Temperate or sub-polar broadleaf deciduous forest,#148C3D,28,2.52,0.0252,5041,GITNADOIKS RIVER PROTECTED AREA
1,Temperate or sub-polar needleleaf forest,#003D00,930,83.7,0.8370000000000001,5040,FOCH-GILTTOYEES PROTECTED AREA
1,Water,#4D70A3,51,4.59,0.045899999999999996,5040,FOCH-GILTTOYEES PROTECTED AREA
1,Temperate or sub-polar shrubland,#B38A33,15,1.3499999999999999,0.013499999999999998,5040,FOCH-GILTTOYEES PROTECTED AREA
1,Mixed forest,#5C752B,10,0.8999999999999999,0.009,5040,FOCH-GILTTOYEES PROTECTED AREA
1,Temperate or sub-polar shrubland,#B38A33,727,65.42999999999999,0.6542999999999999,0634,DENMAN ISLAND PROTECTED AREA
1,Temperate or sub-polar grassland,#E0CF8A,180,16.2,0.162,0634,DENMAN ISLAND PROTECTED AREA
1,Temperate or sub-polar needleleaf forest,#003D00,45,4.05,0.0405,0634,DENMAN ISLAND PROTECTED AREA
1,Mixed forest,#5C752B,32,2.88,0.0288,0634,DENMAN ISLAND PROTECTED AREA
1,Urban,#DB2126,16,1.44,0.0144,0634,DENMAN ISLAND PROTECTED AREA
1,Barren lands,#A8ABAD,11,0.99,0.009899999999999999,0634,DENMAN ISLAND PROTECTED AREA
1,Temperate or sub-polar broadleaf deciduous forest,#148C3D,6,0.54,0.0054,0634,DENMAN ISLAND PROTECTED AREA
1,Temperate or sub-polar needleleaf forest,#003D00,807,72.63,0.7263,0487,LUNDMARK BOG PROTECTED AREA
1,Mixed forest,#5C752B,20,1.7999999999999998,0.018,0487,LUNDMARK BOG PROTECTED AREA
1,Temperate or sub-polar shrubland,#B38A33,5,0.44999999999999996,0.0045,0487,LUNDMARK BOG PROTECTED AREA
1,Urban,#DB2126,2,0.18,0.0018,0487,LUNDMARK BOG PROTECTED AREA
1,Temperate or sub-polar needleleaf forest,#003D00,689,62.01,0.6201,5025,NAHATLATCH PROTECTED AREA
1,Mixed forest,#5C752B,18,1.6199999999999999,0.0162,5025,NAHATLATCH PROTECTED AREA
1,Water,#4D70A3,15,1.3499999999999999,0.013499999999999998,5025,NAHATLATCH PROTECTED AREA
1,Barren lands,#A8ABAD,387,34.83,0.3483,3932,NISGA'A MEMORIAL LAVA BED CORRIDOR PROTECTED AREA
1,Urban,#DB2126,235,21.15,0.2115,3932,NISGA'A MEMORIAL LAVA BED CORRIDOR PROTECTED AREA
1,Mixed forest,#5C752B,54,4.859999999999999,0.0486,3932,NISGA'A MEMORIAL LAVA BED CORRIDOR PROTECTED AREA
1,Temperate or sub-polar needleleaf forest,#003D00,13,1.17,0.011699999999999999,3932,NISGA'A MEMORIAL LAVA BED CORRIDOR PROTECTED AREA
1,Temperate or sub-polar broadleaf deciduous forest,#148C3D,4,0.36,0.0036,3932,NISGA'A MEMORIAL LAVA BED CORRIDOR PROTECTED AREA
1,Temperate or sub-polar grassland,#E0CF8A,4,0.36,0.0036,3932,NISGA'A MEMORIAL LAVA BED CORRIDOR PROTECTED AREA
1,Snow and Ice,#FFFAFF,2,0.18,0.0018,3932,NISGA'A MEMORIAL LAVA BED CORRIDOR PROTECTED AREA
1,Temperate or sub-polar needleleaf forest,#003D00,437,39.33,0.3933,1086,UPPER KLINAKLINI PROTECTED AREA
1,Water,#4D70A3,215,19.349999999999998,0.19349999999999998,1086,UPPER KLINAKLINI PROTECTED AREA
1,Mixed forest,#5C752B,27,2.4299999999999997,0.0243,1086,UPPER KLINAKLINI PROTECTED AREA
1,Temperate or sub-polar shrubland,#B38A33,5,0.44999999999999996,0.0045,1086,UPPER KLINAKLINI PROTECTED AREA
1,Temperate or sub-polar needleleaf forest,#003D00,527,47.43,0.4743,5042,MAQUINNA PROTECTED AREA
1,Mixed forest,#5C752B,36,3.2399999999999998,0.0324,5042,MAQUINNA PROTECTED AREA
1,Temperate or sub-polar broadleaf deciduous forest,#148C3D,8,0.72,0.0072,5042,MAQUINNA PROTECTED AREA
1,Water,#4D70A3,6,0.54,0.0054,5042,MAQUINNA PROTECTED AREA
1,Temperate or sub-polar shrubland,#B38A33,2,0.18,0.0018,5042,MAQUINNA PROTECTED AREA
1,Temperate or sub-polar needleleaf forest,#003D00,352,31.68,0.31679999999999997,5024,MYRA - BELLEVUE PROTECTED AREA
1,Barren lands,#A8ABAD,99,8.91,0.0891,5024,MYRA - BELLEVUE PROTECTED AREA
1,Temperate or sub-polar grassland,#E0CF8A,78,7.02,0.0702,5024,MYRA - BELLEVUE PROTECTED AREA
1,Temperate or sub-polar shrubland,#B38A33,15,1.3499999999999999,0.013499999999999998,5024,MYRA - BELLEVUE PROTECTED AREA
1,Sub-polar taiga needleleaf forest,#949C70,3,0.27,0.0027,5024,MYRA - BELLEVUE PROTECTED AREA
1,Temperate or sub-polar needleleaf forest,#003D00,212,19.08,0.19079999999999997,8345,JESSE FALLS PROTECTED AREA
1,Water,#4D70A3,136,12.24,0.12240000000000001,8345,JESSE FALLS PROTECTED AREA
1,Mixed forest,#5C752B,212,19.08,0.19079999999999997,5020,FRANCOIS LAKE PROTECTED AREA
1,Water,#4D70A3,37,3.33,0.0333,5020,FRANCOIS LAKE PROTECTED AREA
1,Temperate or sub-polar needleleaf forest,#003D00,29,2.61,0.026099999999999998,5020,FRANCOIS LAKE PROTECTED AREA
1,Temperate or sub-polar broadleaf deciduous forest,#148C3D,14,1.26,0.0126,5020,FRANCOIS LAKE PROTECTED AREA
1,Urban,#DB2126,6,0.54,0.0054,5020,FRANCOIS LAKE PROTECTED AREA
1,Temperate or sub-polar needleleaf forest,#003D00,188,16.919999999999998,0.1692,5038,BABINE MOUNTAINS TRAILS (Park Act Section 6)
1,Barren lands,#A8ABAD,38,3.42,0.0342,5038,BABINE MOUNTAINS TRAILS (Park Act Section 6)
1,Mixed forest,#5C752B,31,2.79,0.0279,5038,BABINE MOUNTAINS TRAILS (Park Act Section 6)
1,Temperate or sub-polar shrubland,#B38A33,11,0.99,0.009899999999999999,5038,BABINE MOUNTAINS TRAILS (Park Act Section 6)
1,Temperate or sub-polar grassland,#E0CF8A,7,0.63,0.0063,5038,BABINE MOUNTAINS TRAILS (Park Act Section 6)
1,Temperate or sub-polar needleleaf forest,#003D00,66,5.9399999999999995,0.059399999999999994,0631,ELK FALLS PROTECTED AREA
1,Urban,#DB2126,58,5.22,0.052199999999999996,0631,ELK FALLS PROTECTED AREA
1,Mixed forest,#5C752B,24,2.16,0.0216,0631,ELK FALLS PROTECTED AREA
1,Water,#4D70A3,22,1.98,0.019799999999999998,0631,ELK FALLS PROTECTED AREA
1,Temperate or sub-polar broadleaf deciduous forest,#148C3D,3,0.27,0.0027,0631,ELK FALLS PROTECTED AREA
1,Temperate or sub-polar grassland,#E0CF8A,2,0.18,0.0018,0631,ELK FALLS PROTECTED AREA
1,Temperate or sub-polar shrubland,#B38A33,2,0.18,0.0018,0631,ELK FALLS PROTECTED AREA
1,Temperate or sub-polar needleleaf forest,#003D00,147,13.229999999999999,0.13229999999999997,5036,TWEEDSMUIR CORRIDOR PROTECTED AREA
1,Water,#4D70A3,16,1.44,0.0144,5036,TWEEDSMUIR CORRIDOR PROTECTED AREA
1,Temperate or sub-polar needleleaf forest,#003D00,112,10.08,0.1008,5043,MOUNT ROBSON PROTECTED AREA
1,Temperate or sub-polar shrubland,#B38A33,23,2.07,0.0207,5043,MOUNT ROBSON PROTECTED AREA
1,Temperate or sub-polar grassland,#E0CF8A,3,0.27,0.0027,5043,MOUNT ROBSON PROTECTED AREA
1,Mixed forest,#5C752B,1,0.09,9e-4,5043,MOUNT ROBSON PROTECTED AREA
1,Temperate or sub-polar needleleaf forest,#003D00,95,8.549999999999999,0.08549999999999999,1088,NISGA'A MEMORIAL LAVA BED PROTECTED AREA
1,Barren lands,#A8ABAD,9,0.8099999999999999,0.0081,1088,NISGA'A MEMORIAL LAVA BED PROTECTED AREA
1,Temperate or sub-polar shrubland,#B38A33,9,0.8099999999999999,0.0081,1088,NISGA'A MEMORIAL LAVA BED PROTECTED AREA
1,Temperate or sub-polar needleleaf forest,#003D00,82,7.38,0.0738,0632,BOYLE POINT PROTECTED AREA
1,Urban,#DB2126,15,1.3499999999999999,0.013499999999999998,0632,BOYLE POINT PROTECTED AREA
1,Mixed forest,#5C752B,9,0.8099999999999999,0.0081,0632,BOYLE POINT PROTECTED AREA
1,Temperate or sub-polar needleleaf forest,#003D00,12,1.08,0.0108,3875,FINN CREEK PROTECTED AREA
1,Temperate or sub-polar shrubland,#B38A33,7,0.63,0.0063,3875,FINN CREEK PROTECTED AREA
1,Mixed forest,#5C752B,3,0.27,0.0027,3875,FINN CREEK PROTECTED AREA
1,Temperate or sub-polar broadleaf deciduous forest,#148C3D,3,0.27,0.0027,3875,FINN CREEK PROTECTED AREA
1,Temperate or sub-polar needleleaf forest,#003D00,25,2.25,0.0225,0616,STAWAMUS CHIEF PROTECTED AREA
1,Mixed forest,#5C752B,1,0.09,9e-4,0616,STAWAMUS CHIEF PROTECTED AREA
1,Mixed forest,#5C752B,5,0.44999999999999996,0.0045,0577,NISGA'A MEMORIAL LAVA BED CORRIDOR PROTECTED AREA
1,Barren lands,#A8ABAD,4,0.36,0.0036,0577,NISGA'A MEMORIAL LAVA BED CORRIDOR PROTECTED AREA
1,Temperate or sub-polar needleleaf forest,#003D00,1,0.09,9e-4,0598,OTTER LAKE PROTECTED AREA
1,Urban,#DB2126,1,0.09,9e-4,0598,OTTER LAKE PROTECTED AREA
